utime,recv,sent,err_in,err_out
1557085030.5194418,2771,872,0,0
1557085035.5434914,8382,314,0,0
1557085040.567941,23927,7535,0,0
1557085045.587673,1546,1977,0,0
